id,First Name,Last Name,Gender,Amount
1,Todd,Lopez,M,8067.7
2,Joshua,White,M,7330.1
3,Mary,Lewis,F,16335.0
4,Emily,Burns,F,12460.8
5,Christina,Romero,F,15271.9
6,Raymond,Andrews,M,7036.9
7,Sandra,Baker,F,14002.2
8,Todd,Diaz,M,10911.0
9,Alice,Burke,F,14198.8
10,Wayne,Richards,M,16410.5
11,Brian,Hansen,M,15029.4
12,Johnny,Tucker,M,16205.6
13,Ronald,Wheeler,M,57.9
14,John,Turner,M,19909.3
15,Steven,Reynolds,M,11316.5
16,Pamela,Carpenter,F,5170.4
17,Stephen,Scott,M,16331.1
18,Larry,Ryan,M,18337.8
19,Jeffrey,Marshall,M,19482.5
20,Betty,Fernandez,F,16394.4
21,Howard,Olson,M,12572.8
22,Jose,Riley,M,14999.0
23,Tammy,Woods,F,2169.8
24,Benjamin,Wells,M,6713.6
25,Stephen,Gutierrez,M,635.2
26,Mary,Harvey,F,15565.8
27,Robin,Ruiz,F,12848.9
28,Larry,Lee,M,211.2
29,Billy,Welch,M,3325.7
30,Johnny,Cooper,M,19793.0
31,Michael,Nichols,M,3259.4
32,Jennifer,Murray,F,13479.0
33,Ronald,Gomez,M,7533.2
34,Robin,Green,F,15708.6
35,Stephen,Jacobs,M,15468.3
36,Alice,Lewis,F,16628.5
37,Richard,Griffin,M,8608.8
38,Mary,Perry,F,8439.8
39,Margaret,Dunn,F,2638.1
40,Lisa,Gardner,F,6712.8
41,Margaret,Woods,F,18189.6
42,Samuel,Gray,M,14613.0
43,Rebecca,Tucker,F,19639.3
44,William,Walker,M,11652.8
45,Philip,Diaz,M,11833.1
46,Theresa,Harris,F,13146.2
47,Anthony,Lawrence,M,4692.9
48,Antonio,Black,M,1884.4
49,Paul,Simpson,M,7247.7
50,Louise,Sims,F,2234.2
51,William,Weaver,M,17367.5
52,Jesse,Cooper,M,350.5
53,Jeffrey,Carr,M,9538.2
54,Deborah,Owens,F,19329.1
55,Marie,Stephens,F,2529.0
56,Patrick,Butler,M,16575.2
57,Evelyn,Matthews,F,13064.9
58,Jonathan,Cox,M,10481.0
59,Christina,Brooks,F,1523.6
60,Brian,Austin,M,6382.6
61,Daniel,Moore,M,9688.4
62,Larry,Tucker,M,607.7
63,Robin,Hunter,F,2446.5
64,Wayne,Cunningham,M,3815.6
65,Anthony,Lane,M,1071.8
66,Kevin,Montgomery,M,16813.8
67,Ashley,Vasquez,F,7144.6
68,Benjamin,Freeman,M,14821.4
69,Doris,Hernandez,F,10394.4
70,Diana,Alexander,F,9389.6
71,Joseph,Pierce,M,12122.0
72,Nancy,Mcdonald,F,6552.2
73,Sarah,Kelly,F,1504.1
74,Lois,Foster,F,8604.5
75,Alice,Bell,F,7364.0
76,Amy,Reynolds,F,16476.0
77,Howard,Johnson,M,10399.8
78,Marilyn,Ruiz,F,15051.3
79,Joshua,Bowman,M,5551.3
80,Elizabeth,Porter,F,19545.9
81,Fred,Wood,M,3030.8
82,Bobby,Reid,M,1383.5
83,Jonathan,Willis,M,11615.3
84,Paula,Bishop,F,11.1
85,Judith,Washington,F,16734.1
86,Marilyn,Gonzales,F,14888.5
87,Theresa,Davis,F,14573.3
88,Stephanie,Martinez,F,4402.5
89,Justin,Martin,M,16985.9
90,Stephen,Long,M,6921.4
91,Betty,Howell,F,5712.5
92,Emily,Hawkins,F,14098.5
93,Terry,Mcdonald,M,19505.6
94,Peter,Gomez,M,2525.6
95,Mary,Knight,F,6952.8
96,Kathryn,Price,F,15964.1
97,Rachel,Day,F,8433.2
98,Marie,Bailey,F,4598.7
99,Kathy,Flores,F,6286.3
100,Wanda,Young,F,2123.6
101,Betty,Evans,F,4169.6
102,Randy,Porter,M,7386.6
103,Martha,Cruz,F,5363.3
104,Christopher,Chavez,M,1854.6
105,Aaron,Barnes,M,15046.6
106,Jeremy,Coleman,M,14523.2
107,Gloria,Burton,F,5077.2
108,Alan,Clark,M,19128.1
109,Amanda,Carter,F,4643.0
110,Barbara,Franklin,F,7096.0
111,Rose,Ellis,F,16636.1
112,Norma,Gonzales,F,18721.9
113,Edward,Cruz,M,3329.5
114,Sara,Miller,F,5550.3
115,Barbara,Allen,F,12924.8
116,Melissa,Mcdonald,F,1544.2
117,Andrew,Walker,M,7140.1
118,Jean,Gray,F,14924.7
119,Frances,Mason,F,1483.3
120,Eugene,Lopez,M,18423.6
121,Dennis,Patterson,M,11481.4
122,Judith,Stevens,F,17253.5
123,Andrea,Kim,F,14175.2
124,Betty,Kelley,F,799.4
125,Jeffrey,Richards,M,9769.3
126,Joshua,Robinson,M,12496.7
127,Eric,Hughes,M,2490.1
128,Timothy,Welch,M,4882.0
129,Eugene,Washington,M,4351.7
130,Ralph,Morgan,M,18545.5
131,Randy,Lee,M,14125.5
132,Richard,Dean,M,3791.4
133,Henry,Stephens,M,618.6
134,Elizabeth,Stewart,F,9981.1
135,Scott,Murphy,M,3239.6
136,Laura,Fox,F,19590.9
137,Nicholas,Scott,M,19795.7
138,Jose,Simmons,M,170.0
139,Phyllis,Riley,F,71.2
140,Marie,Thompson,F,6881.7
141,Bobby,Burton,M,10251.5
142,Carolyn,Kelly,F,7527.1
143,Timothy,Cooper,M,9331.1
144,Sandra,Kelly,F,14820.5
145,Ronald,Bowman,M,397.0
146,Raymond,Barnes,M,78.7
147,Brenda,Fuller,F,17168.4
148,Joshua,Brooks,M,16636.0
149,Mildred,Peterson,F,5485.1
150,Marilyn,Cunningham,F,1640.4
151,Linda,Fernandez,F,6779.1
152,Jose,Hanson,M,6507.4
153,Henry,Wright,M,11048.0
154,Pamela,Walker,F,17205.6
155,Stephen,Reed,M,15267.3
156,Robin,Marshall,F,15630.4
157,Gregory,Graham,M,14724.6
158,Bruce,Lane,M,1989.1
159,Pamela,Parker,F,9547.3
160,Roger,Flores,M,503.5
161,Linda,Boyd,F,17278.8
162,Harold,Willis,M,8405.1
163,Lois,Taylor,F,11007.6
164,Larry,Coleman,M,10419.3
165,Lori,Griffin,F,2218.9
166,George,Wells,M,13114.0
167,Sandra,Owens,F,15114.6
168,Thomas,Coleman,M,6735.2
169,Mildred,Greene,F,4351.4
170,Larry,Fuller,M,12946.4
171,Adam,George,M,13862.5
172,Amy,Mills,F,15191.4
173,Lois,Woods,F,12192.7
174,Ralph,Mason,M,2045.5
175,Sean,Duncan,M,13923.2
176,Stephen,Hill,M,13436.5
177,Donald,Fuller,M,6745.6
178,Helen,Burton,F,16968.3
179,Roger,Jordan,M,7779.5
180,Earl,Mcdonald,M,16924.3
181,Elizabeth,Stanley,F,195.0
182,Lois,Hall,F,15849.5
183,Frank,Baker,M,16484.8
184,Shirley,Olson,F,5060.5
185,Jack,James,M,12491.8
186,Jason,Fernandez,M,10615.2
187,Rachel,Hernandez,F,11276.5
188,Sandra,Stone,F,6597.2
189,Debra,Warren,F,3098.2
190,Michael,Fowler,M,13368.3
191,Larry,Lee,M,18834.3
192,Carl,Williamson,M,5668.7
193,Howard,Lynch,M,751.5
194,Annie,Hill,F,14404.9
195,Timothy,Harper,M,5241.2
196,Paula,Little,F,4212.4
197,Annie,Green,F,12172.4
198,Helen,Nguyen,F,9076.5
199,Douglas,Morrison,M,2951.5
200,Joyce,Ramirez,F,9864.1
201,Ruth,Howard,F,16178.3
202,Peter,Cox,M,13842.2
203,Lillian,Clark,F,8769.8
204,Patrick,Watkins,M,16748.9
205,Kelly,Robertson,F,18784.6
206,Timothy,Powell,M,11538.7
207,Mildred,Sanchez,F,3766.6
208,Ryan,Scott,M,17939.3
209,Louise,Sanders,F,4744.0
210,Brenda,Warren,F,17664.3
211,Stephanie,Stevens,F,3308.8
212,Sara,Taylor,F,3600.6
213,Andrew,Warren,M,2599.3
214,Lois,Grant,F,6846.8
215,Heather,Ross,F,10543.3
216,Stephanie,James,F,14547.5
217,Benjamin,Matthews,M,14651.3
218,Howard,Jordan,M,17066.0
219,Melissa,Mitchell,F,18212.1
220,Ernest,Dean,M,12301.6
221,Julie,Lopez,F,3981.5
222,Adam,Murphy,M,3939.0
223,Debra,Stewart,F,2359.1
224,Alice,Flores,F,19315.8
225,Karen,Henderson,F,7063.8
226,Kathleen,Bailey,F,14537.3
227,Gloria,Murray,F,14458.3
228,Tina,Rose,F,14105.3
229,Wayne,Welch,M,16728.8
230,Donna,Tucker,F,11340.2
231,Terry,Bishop,M,5752.8
232,Kevin,Woods,M,16407.4
233,Joan,Perez,F,6061.4
234,Barbara,Berry,F,18217.3
235,Christine,Howell,F,10795.8
236,Nancy,Harper,F,15266.0
237,Gloria,Watson,F,402.5
238,Martin,Moore,M,13475.8
239,Antonio,Hanson,M,19675.7
240,Wayne,Gardner,M,4192.1
241,Kathleen,Lane,F,12920.5
242,Randy,Powell,M,937.4
243,Cynthia,Gordon,F,8152.1
244,Ryan,Morales,M,13856.3
245,Cynthia,Murray,F,19359.2
246,Antonio,Arnold,M,18389.8
247,Harold,Wells,M,6401.2
248,Timothy,Price,M,10384.4
249,Rachel,Morris,F,1815.4
250,Susan,Young,F,18916.8
251,Rachel,Crawford,F,5655.5
252,Adam,Parker,M,13216.2
253,Douglas,Smith,M,16796.5
254,Johnny,Williamson,M,13968.1
255,Jose,Burns,M,1533.4
256,Louise,Medina,F,10291.4
257,Kenneth,Freeman,M,15201.7
258,Marie,Alvarez,F,4107.1
259,Harold,Stewart,M,12782.4
260,Gloria,Welch,F,4507.1
261,Carlos,Chavez,M,16865.4
262,Russell,Hunter,M,5570.8
263,Martha,Collins,F,1233.5
264,Ruth,Hawkins,F,2128.9
265,Stephanie,Rodriguez,F,19907.4
266,Joseph,Sanchez,M,17212.7
267,Keith,Mccoy,M,13532.1
268,Paula,Bennett,F,19610.1
269,Robin,Owens,F,7380.5
270,Gregory,Richardson,M,7445.4
271,Kathleen,Nguyen,F,16525.7
272,Nicole,Dunn,F,8123.5
273,Lawrence,Medina,M,9012.7
274,Eric,Knight,M,2765.6
275,Raymond,Chapman,M,6410.8
276,Laura,Sims,F,1933.9
277,Edward,Bell,M,16988.8
278,Russell,Johnston,M,6766.4
279,Fred,Parker,M,11482.6
280,Kathleen,Hansen,F,2556.7
281,Norma,Alexander,F,16232.1
282,Elizabeth,Olson,F,12438.2
283,Roy,Willis,M,2083.8
284,Eric,Wells,M,11625.5
285,Carol,Gilbert,F,3441.9
286,Angela,Perry,F,1133.5
287,Judy,Chavez,F,7172.6
288,Kenneth,Collins,M,8778.0
289,Howard,Fernandez,M,5320.7
290,Arthur,Mills,M,3358.6
291,Diana,George,F,11199.9
292,Julia,Ellis,F,16862.2
293,Carolyn,Turner,F,5255.6
294,Ralph,Ford,M,2093.1
295,Todd,Wright,M,9014.7
296,Norma,Russell,F,6266.4
297,Scott,Nelson,M,9719.5
298,Harry,Bailey,M,13355.4
299,Judy,Castillo,F,6674.6
300,Annie,Baker,F,347.1
301,Louise,Bell,F,4714.5
302,Martha,Howard,F,2863.0
303,Kevin,Cole,M,4438.5
304,Theresa,Romero,F,7352.2
305,David,Robinson,M,12373.1
306,Cynthia,Porter,F,9926.3
307,Laura,Kim,F,12576.4
308,Julia,Rice,F,17679.5
309,Eric,Stewart,M,11839.6
310,Diane,Richardson,F,889.2
311,Frank,Payne,M,16795.0
312,Raymond,Lopez,M,18581.0
313,Paula,Wheeler,F,17439.9
314,Mildred,Collins,F,14403.7
315,Daniel,Cruz,M,16282.6
316,Billy,White,M,5513.9
317,Robert,Frazier,M,17475.7
318,Frances,Day,F,723.7
319,Wanda,Harvey,F,17746.7
320,Harry,Stephens,M,18466.0
321,Victor,Gardner,M,5458.8
322,Kathleen,Webb,F,4673.6
323,Sara,Kim,F,12574.1
324,Justin,Armstrong,M,8189.6
325,Brian,Frazier,M,2783.7
326,Jerry,Sims,M,6697.5
327,Peter,Wilson,M,4737.5
328,Annie,Cunningham,F,16055.9
329,Beverly,Fuller,F,1905.8
330,Henry,Warren,M,13530.0
331,Donna,Kelley,F,16741.0
332,Stephen,Olson,M,13894.8
333,Debra,Brooks,F,3494.8
334,Wanda,Wright,F,17720.7
335,Ruby,Garza,F,14855.8
336,Marie,Garrett,F,463.3
337,Phillip,Mcdonald,M,17128.1
338,Billy,Stevens,M,9608.3
339,Victor,Spencer,M,9707.3
340,Louis,Pierce,M,16436.7
341,Jose,James,M,7303.0
342,Lawrence,Willis,M,4665.0
343,Stephanie,Ross,F,11811.0
344,Amy,Peters,F,6796.8
345,Richard,Butler,M,12668.0
346,Earl,Sullivan,M,4602.0
347,Jacqueline,Taylor,F,6113.0
348,Joe,Wood,M,9038.0
349,Kathryn,Evans,F,9374.8
350,Roy,Webb,M,17122.4
351,Joshua,Howell,M,950.8
352,Earl,Bishop,M,13196.9
353,Ronald,Weaver,M,12852.4
354,Jimmy,Brown,M,831.0
355,Peter,Sanders,M,1276.8
356,Janet,Williams,F,16880.6
357,Janet,Peters,F,9120.9
358,Donald,Castillo,M,9944.6
359,Carol,Brooks,F,18918.0
360,Helen,Gonzalez,F,13525.0
361,Joyce,Palmer,F,3.4
362,Juan,Fowler,M,15194.9
363,Mary,Vasquez,F,16039.6
364,Mary,Berry,F,8682.7
365,Martin,Henderson,M,3275.1
366,Jacqueline,Vasquez,F,5556.7
367,Lillian,Thompson,F,18584.9
368,Antonio,Fowler,M,13059.3
369,Evelyn,Fields,F,4157.7
370,Carol,Alvarez,F,16499.8
371,Andrea,Romero,F,14908.5
372,Richard,Henderson,M,12488.0
373,William,Russell,M,2218.6
374,Shirley,Griffin,F,16473.0
375,Gregory,Ellis,M,3437.1
376,Ernest,Snyder,M,4768.1
377,Lois,Crawford,F,16006.5
378,Mark,Peterson,M,8330.5
379,David,Flores,M,10392.5
380,Lisa,Carpenter,F,2838.0
381,Jesse,Fox,M,912.9
382,Lawrence,Jackson,M,17639.8
383,Lisa,Sims,F,2911.4
384,Philip,George,M,18267.2
385,Thomas,Hawkins,M,7409.3
386,Joshua,Edwards,M,16197.8
387,Victor,Perry,M,7042.8
388,Janet,Anderson,F,346.1
389,Jesse,Lee,M,12287.6
390,Aaron,Cook,M,10060.5
391,James,Mills,M,10718.3
392,Jean,Cooper,F,12183.4
393,Steve,Patterson,M,14795.1
394,Nancy,Ramos,F,7266.0
395,Jack,Scott,M,6352.8
396,Christine,Rodriguez,F,18284.4
397,Evelyn,Simpson,F,9569.4
398,Margaret,Harrison,F,18461.9
399,Johnny,Cox,M,5720.7
400,Shirley,Lawson,F,11306.9
401,Richard,Cooper,M,18268.3
402,Jack,Gray,M,5985.3
403,Linda,Ross,F,14325.9
404,Angela,Gutierrez,F,7346.2
405,George,Banks,M,15777.8
406,Jennifer,Wells,F,11487.0
407,Kimberly,Hughes,F,9133.0
408,Carl,Garrett,M,19651.0
409,Theresa,Parker,F,14316.6
410,Gerald,Stewart,M,2644.5
411,Barbara,Wells,F,1599.7
412,Chris,Wallace,M,1886.4
413,Matthew,Ortiz,M,9833.7
414,Denise,Chapman,F,6908.3
415,Bobby,Burns,M,13865.7
416,Scott,Martin,M,17274.7
417,Benjamin,Hunter,M,8748.3
418,Andrea,Vasquez,F,11393.2
419,Roy,Gibson,M,19643.4
420,Gary,Reyes,M,8716.1
421,Annie,Shaw,F,12134.4
422,Lillian,Porter,F,12377.1
423,Ryan,Nguyen,M,11484.2
424,Robin,Woods,F,3576.8
425,Walter,Fuller,M,847.9
426,Earl,Burke,M,8987.2
427,Kathy,Ward,F,13181.3
428,Beverly,Burke,F,3711.8
429,Christine,Ford,F,17238.0
430,Earl,Woods,M,3113.3
431,Melissa,Sullivan,F,17813.4
432,Dennis,Scott,M,6355.6
433,Shawn,Price,M,8559.8
434,Billy,Perkins,M,10320.9
435,Philip,Gilbert,M,16261.8
436,Sharon,Dunn,F,11673.1
437,Roger,Gutierrez,M,12960.8
438,Kenneth,Taylor,M,427.3
439,Sharon,Howard,F,15945.8
440,Frank,Marshall,M,3244.0
441,Katherine,Wheeler,F,19987.4
442,Ann,Bradley,F,1761.9
443,Edward,Henderson,M,3101.5
444,Douglas,Gray,M,2202.8
445,Alan,Harvey,M,15332.6
446,Cheryl,Watkins,F,17666.8
447,Jerry,Fernandez,M,19301.0
448,Lawrence,Rose,M,17213.5
449,Ruby,Morris,F,1024.8
450,Virginia,Richards,F,11910.6
451,Jesse,Scott,M,3784.2
452,Todd,Reyes,M,1229.6
453,Wayne,Howard,M,10443.7
454,Doris,Harris,F,18762.8
455,Andrea,Martin,F,10574.7
456,Clarence,Rivera,M,15599.2
457,Joan,Lawrence,F,14120.0
458,Annie,Hughes,F,6438.2
459,Randy,Watson,M,15310.1
460,William,Morris,M,18880.6
461,Sara,Burton,F,600.7
462,Patrick,Gomez,M,15073.2
463,Patricia,Howell,F,3643.8
464,Jerry,Diaz,M,4715.1
465,Roy,Stevens,M,13155.1
466,Lillian,Palmer,F,12893.2
467,Terry,Barnes,M,10202.8
468,Karen,Gutierrez,F,7414.8
469,George,Marshall,M,2950.1
470,Linda,Lane,F,13094.6
471,Stephen,Diaz,M,10308.3
472,Marilyn,Jenkins,F,11533.5
473,Theresa,Andrews,F,7752.7
474,Wayne,Nguyen,M,17334.8
475,Timothy,Hart,M,5772.3
476,Kathleen,Palmer,F,274.9
477,Nancy,Robinson,F,6612.4
478,Stephen,Phillips,M,12719.8
479,Deborah,Ross,F,18262.4
480,Julia,Gonzalez,F,15666.4
481,Rebecca,Simpson,F,10400.4
482,Keith,Grant,M,11528.9
483,Victor,Tucker,M,5128.9
484,Joan,Patterson,F,14703.0
485,Bonnie,Sullivan,F,6964.3
486,Angela,Warren,F,5483.3
487,Daniel,Cunningham,M,9156.4
488,Jerry,Peters,M,7859.3
489,Janice,Kim,F,502.7
490,Helen,Garza,F,18533.5
491,Steve,Kelley,M,5711.8
492,Martha,Stevens,F,114.6
493,Kathryn,Harvey,F,18882.4
494,Amanda,Simpson,F,11213.5
495,Thomas,Medina,M,12689.5
496,Ruby,Peterson,F,9611.6
497,Andrea,Garcia,F,8925.8
498,Christine,Martinez,F,18506.4
499,Ruby,Gray,F,9847.5
500,Linda,Fisher,F,9565.3
501,Amy,Sullivan,F,5610.6
502,Shirley,Cruz,F,1104.0
503,Gerald,Mason,M,6118.3
504,Martin,Washington,M,6072.0
505,Kelly,Price,F,10781.9
506,Jean,Lawrence,F,17405.4
507,Juan,Owens,M,14923.1
508,Alice,Bailey,F,5228.8
509,Patrick,Hansen,M,15379.6
510,Lori,Mason,F,2483.5
511,Joe,King,M,10365.9
512,Peter,Castillo,M,18527.0
513,Phyllis,Lawson,F,6865.2
514,Tammy,Barnes,F,12830.1
515,William,Garza,M,13562.9
516,Howard,Sullivan,M,11062.3
517,Nicholas,Hansen,M,5972.9
518,Paula,Gordon,F,11478.8
519,Scott,Burke,M,7916.4
520,Shawn,Gardner,M,3553.3
521,Harry,Fisher,M,5841.4
522,Virginia,Jordan,F,3854.4
523,William,Phillips,M,4185.2
524,Karen,Sanchez,F,1838.6
525,Jean,Lawson,F,7288.5
526,Shawn,Knight,M,10411.2
527,Edward,Harrison,M,15557.3
528,Teresa,Ward,F,13448.0
529,Jacqueline,Franklin,F,13042.8
530,Sean,Wallace,M,7824.3
531,Philip,Walker,M,17270.5
532,David,Simpson,M,458.1
533,Philip,Howard,M,10315.2
534,Lawrence,Mcdonald,M,15828.7
535,Alan,Wallace,M,15621.6
536,Ruth,Richardson,F,7036.9
537,Michael,Phillips,M,15964.6
538,Lisa,Griffin,F,10905.9
539,Antonio,Gomez,M,16220.2
540,Marilyn,Foster,F,18638.1
541,Stephanie,Burns,F,15945.6
542,Sara,Sims,F,13926.8
543,Virginia,Larson,F,13719.2
544,Margaret,Hunt,F,4138.5
545,Ernest,Marshall,M,10488.1
546,Carolyn,Ryan,F,19366.7
547,Ernest,Jones,M,9292.0
548,Barbara,Weaver,F,10803.9
549,Nicole,Willis,F,14914.0
550,Victor,Chavez,M,19384.8
551,Larry,Martinez,M,19877.7
552,Kathryn,Hawkins,F,2522.5
553,Richard,Hawkins,M,6535.3
554,Harry,Mitchell,M,7817.9
555,Benjamin,Porter,M,708.1
556,Jimmy,Gray,M,14048.0
557,Louise,Gutierrez,F,10185.0
558,Adam,Weaver,M,29.3
559,Marie,Harvey,F,15432.0
560,Lawrence,Austin,M,14873.6
561,Bobby,Day,M,185.7
562,Shawn,Larson,M,1344.4
563,Justin,Hudson,M,12799.9
564,Steve,Myers,M,4344.3
565,Julia,Simmons,F,17990.2
566,Todd,Duncan,M,2545.2
567,Angela,Rodriguez,F,10412.1
568,Gregory,Cox,M,17949.8
569,Roy,Hayes,M,451.6
570,Steve,Chavez,M,12396.2
571,Shawn,Watson,M,8219.7
572,Robin,Ramos,F,18144.3
573,Charles,Perkins,M,3407.3
574,Alice,Warren,F,9678.8
575,Judith,Shaw,F,2903.0
576,Henry,Anderson,M,4318.8
577,Julia,Lawson,F,2939.8
578,Jeffrey,Alexander,M,11582.3
579,Cynthia,Bailey,F,19760.5
580,Jonathan,Rodriguez,M,661.2
581,Anne,Perez,F,7685.1
582,Doris,Ford,F,19314.5
583,Lois,Williams,F,8309.0
584,Nancy,Williamson,F,16632.3
585,Fred,Gardner,M,5685.0
586,Angela,Morgan,F,18570.4
587,Joyce,Harper,F,8800.6
588,Jose,Dixon,M,928.8
589,Russell,Pierce,M,18254.4
590,Heather,Frazier,F,10947.4
591,Maria,Stevens,F,6734.9
592,Arthur,Woods,M,7351.6
593,George,Butler,M,562.7
594,Rose,Howell,F,14502.2
595,Lawrence,Shaw,M,1414.9
596,Phillip,Richardson,M,8669.9
597,Frances,Williams,F,18067.9
598,Ernest,Stanley,M,12691.5
599,Patricia,Wheeler,F,18507.1
600,Larry,Freeman,M,4773.5
601,Todd,Wheeler,M,3578.3
602,Daniel,Walker,M,14077.2
603,Kathy,Barnes,F,12133.2
604,Helen,Stone,F,14353.6
605,Eugene,Alvarez,M,5037.2
606,Kenneth,Burke,M,4728.5
607,Elizabeth,Porter,F,667.0
608,Patrick,Frazier,M,18885.0
609,Lisa,Harvey,F,20.4
610,Paul,Green,M,1163.7
611,Jimmy,Martin,M,12042.1
612,Tammy,Mccoy,F,2615.9
613,Frances,Rice,F,17130.7
614,Harry,Henderson,M,4418.0
615,Bruce,Lynch,M,8354.5
616,John,Reid,M,5261.3
617,Martin,Austin,M,16070.4
618,Angela,Graham,F,11308.3
619,Barbara,Bell,F,10940.0
620,Larry,Thompson,M,5165.1
621,Ronald,Wheeler,M,3824.1
622,Jason,Schmidt,M,9615.0
623,Judith,Chapman,F,17876.8
624,Juan,Powell,M,2922.9
625,Bobby,Weaver,M,6649.3
626,George,Kelley,M,6966.5
627,Heather,Rodriguez,F,11393.6
628,Clarence,Martin,M,18709.8
629,Joe,Bowman,M,14386.5
630,Julia,Wood,F,13515.9
631,Christine,Romero,F,15715.4
632,Judith,Bishop,F,18980.8
633,Ann,Clark,F,19899.6
634,Betty,Boyd,F,17372.9
635,Andrea,George,F,2727.8
636,Amanda,Armstrong,F,14044.8
637,Steve,Williams,M,1849.6
638,Helen,Payne,F,2957.9
639,William,Hernandez,M,9759.9
640,Ryan,Burton,M,14207.3
641,Deborah,Dean,F,14108.9
642,Samuel,Sanchez,M,4677.3
643,Brian,Gordon,M,5455.4
644,Chris,Spencer,M,943.1
645,Aaron,Vasquez,M,19480.8
646,Dorothy,Wright,F,12762.6
647,Earl,Gomez,M,14140.5
648,Louis,Russell,M,10337.6
649,Janet,Austin,F,4300.4
650,Ruth,Butler,F,17951.0
651,Mark,Perkins,M,11339.1
652,Mary,Harper,F,4553.2
653,Nicole,Ross,F,1851.0
654,Frances,Hall,F,5785.0
655,Larry,Moreno,M,13174.9
656,Keith,Harvey,M,8999.7
657,Christina,Kelly,F,6689.5
658,Eric,Andrews,M,16836.9
659,Laura,Kelly,F,1822.8
660,Gregory,Sanders,M,5902.0
661,Benjamin,Kelly,M,2630.1
662,Jesse,Robertson,M,10619.1
663,Joshua,Nelson,M,18604.1
664,Beverly,Wright,F,8538.1
665,Teresa,Gray,F,12260.5
666,Amanda,Reynolds,F,841.9
667,Gerald,Romero,M,1788.4
668,Jason,Greene,M,10377.2
669,Sharon,Ramos,F,4706.7
670,Robin,Butler,F,109.2
671,Clarence,Ross,M,14780.5
672,Barbara,Arnold,F,3939.1
673,Paula,Day,F,15950.6
674,Catherine,Evans,F,19798.8
675,Maria,Taylor,F,11227.3
676,Fred,Burke,M,5304.0
677,Jeffrey,Porter,M,12051.1
678,Robin,Hunt,F,536.9
679,Juan,George,M,7533.2
680,Katherine,Gordon,F,13381.3
681,Heather,Sims,F,1329.6
682,Lillian,Rogers,F,16875.8
683,Jennifer,Morris,F,18176.1
684,Debra,Davis,F,15125.9
685,Harold,Lynch,M,11112.5
686,Roy,Stanley,M,15189.5
687,Jose,Cook,M,17135.8
688,Dennis,Scott,M,8882.4
689,Evelyn,Cruz,F,14159.6
690,Tammy,Thomas,F,4963.8
691,Margaret,Graham,F,4032.7
692,Ashley,Fisher,F,19382.7
693,Eric,Meyer,M,14045.7
694,Peter,Wright,M,13180.2
695,Samuel,Tucker,M,2941.4
696,Edward,Lawson,M,10194.7
697,Debra,Sanders,F,8925.2
698,Eugene,Stevens,M,71.5
699,Wanda,Evans,F,2644.3
700,Jimmy,Fox,M,11728.9
701,Gerald,Wheeler,M,5369.2
702,Phyllis,Arnold,F,2628.9
703,Fred,Williams,M,11354.6
704,Emily,Bennett,F,19100.7
705,Wayne,Daniels,M,13960.1
706,William,Grant,M,14151.3
707,Kelly,Kelley,F,8942.5
708,Fred,Rose,M,12494.8
709,Stephanie,Burton,F,7097.0
710,Cynthia,Jenkins,F,17023.4
711,Ann,Flores,F,11295.8
712,Randy,Johnston,M,16894.8
713,Lisa,Peterson,F,17588.3
714,Todd,Greene,M,18557.9
715,Terry,Ellis,M,7806.0
716,Ralph,Hernandez,M,7542.8
717,Lori,Ward,F,5076.2
718,Tina,Lawrence,F,11957.1
719,Patricia,Gutierrez,F,9046.8
720,Tammy,Andrews,F,9508.4
721,Albert,Hart,M,8647.7
722,Mary,Stanley,F,19259.1
723,Patricia,Bryant,F,17814.7
724,Carolyn,Wilson,F,17452.6
725,Bobby,Hawkins,M,17599.5
726,Stephanie,Bell,F,15094.6
727,Kimberly,Reed,F,13839.6
728,Amanda,Hall,F,18772.8
729,Patrick,Crawford,M,13140.7
730,Jean,Cox,F,19320.6
731,Clarence,Stewart,M,17209.7
732,Donald,Chapman,M,616.0
733,Melissa,Snyder,F,9493.2
734,Brenda,Mason,F,15754.0
735,Lillian,Harrison,F,16378.4
736,Juan,Russell,M,10238.6
737,Nancy,Bishop,F,11570.5
738,Frances,Williamson,F,1225.6
739,Norma,Lewis,F,7391.9
740,Pamela,Henderson,F,18025.1
741,James,Morrison,M,4089.0
742,Bruce,Wallace,M,642.9
743,Patricia,Sullivan,F,11190.2
744,Richard,Willis,M,8882.5
745,Susan,Henry,F,19594.2
746,Barbara,Diaz,F,938.4
747,Carl,Hanson,M,8821.3
748,Steve,Harris,M,10480.5
749,Norma,Simmons,F,14250.9
750,Kathleen,Baker,F,16242.9
751,Chris,Shaw,M,6789.3
752,Richard,Diaz,M,18436.4
753,Jonathan,Fox,M,3573.0
754,Catherine,Richardson,F,15200.5
755,Amanda,Richards,F,16027.1
756,Juan,Shaw,M,17644.3
757,Ashley,Moore,F,6853.2
758,Russell,Hudson,M,1486.3
759,George,Price,M,14126.5
760,Jean,Carter,F,5894.5
761,Gary,Snyder,M,10562.1
762,Jennifer,Parker,F,12206.1
763,Thomas,Campbell,M,14741.7
764,Marie,Garrett,F,9175.9
765,Harry,Fisher,M,3004.6
766,David,Mcdonald,M,18483.7
767,Tina,Armstrong,F,16188.3
768,Louis,Willis,M,17097.9
769,Amy,Weaver,F,12185.5
770,Alice,Gomez,F,17315.5
771,Bonnie,Harrison,F,9644.3
772,Sarah,George,F,2638.2
773,Kevin,Howell,M,11635.6
774,Clarence,Diaz,M,8597.6
775,Michael,Ferguson,M,8104.5
776,Donald,Medina,M,13406.0
777,Kevin,Sanchez,M,9868.9
778,Philip,Day,M,16696.8
779,Aaron,Ward,M,11730.8
780,Harold,Sanchez,M,2120.2
781,Sean,Long,M,3664.7
782,Doris,Shaw,F,9084.1
783,Randy,Lawson,M,5595.6
784,Jose,Tucker,M,10192.2
785,Ryan,Wallace,M,3017.0
786,Walter,Robinson,M,18569.1
787,Jonathan,Wallace,M,11728.9
788,Joan,Jackson,F,15247.4
789,Andrea,Clark,F,13463.4
790,Carolyn,Gardner,F,18698.1
791,Phillip,Ruiz,M,16936.4
792,Keith,Reed,M,19945.3
793,Frances,Payne,F,9437.6
794,Juan,Washington,M,6654.2
795,Lillian,Nguyen,F,18040.3
796,Walter,Hart,M,6475.3
797,Jeremy,Gutierrez,M,1201.8
798,Fred,Robertson,M,14511.8
799,Gerald,Reed,M,1999.5
800,Joyce,Kelly,F,9442.9
801,Steve,Gonzalez,M,12596.5
802,Brian,Gordon,M,12816.7
803,Justin,Stephens,M,10489.9
804,Jack,Oliver,M,12400.6
805,Norma,Wright,F,16770.5
806,Dorothy,Thompson,F,12519.0
807,Margaret,Fisher,F,2673.6
808,Alice,Hunter,F,8432.9
809,Kelly,Hall,F,6600.7
810,Kenneth,Ross,M,10029.4
811,Ryan,Knight,M,15242.8
812,Jane,Perez,F,13871.9
813,Douglas,Cooper,M,6108.2
814,Andrew,Pierce,M,8383.5
815,Jimmy,Lopez,M,4677.3
816,Clarence,Armstrong,M,2417.1
817,Randy,Edwards,M,1036.7
818,Christina,Johnson,F,11899.7
819,Paul,Gilbert,M,10438.0
820,Andrea,Bell,F,8403.4
821,Howard,Owens,M,7464.1
822,Robin,Hansen,F,15236.5
823,Sandra,Bryant,F,8084.2
824,Nancy,Cooper,F,8966.6
825,Tina,Franklin,F,17429.7
826,Henry,Parker,M,4649.4
827,Linda,Kelly,F,12938.6
828,Rebecca,Jones,F,16167.3
829,Catherine,Ramos,F,9540.2
830,Maria,Tucker,F,11086.5
831,Jose,Miller,M,18305.1
832,Heather,Collins,F,822.1
833,Julia,Porter,F,7469.7
834,Kathryn,Ward,F,18726.5
835,Paula,Arnold,F,2099.9
836,Gerald,Russell,M,2016.9
837,Louis,Jenkins,M,6236.0
838,Jason,Campbell,M,11597.6
839,Teresa,Cox,F,19757.5
840,David,Mcdonald,M,4625.4
841,Ryan,Gardner,M,8175.3
842,Randy,Williams,M,3031.4
843,Kelly,Hunt,F,18741.1
844,Andrea,Stone,F,8878.1
845,Lois,Cooper,F,842.9
846,Jack,Romero,M,11158.8
847,Dorothy,Sullivan,F,4184.9
848,Catherine,Foster,F,1920.8
849,Bonnie,Robertson,F,18358.7
850,Robin,Ray,F,2343.3
851,Laura,Snyder,F,11484.5
852,Richard,Rice,M,19534.8
853,Debra,Kelley,F,3725.5
854,Gloria,Pierce,F,17270.3
855,Jack,Young,M,16860.2
856,Deborah,Bell,F,7180.7
857,Christopher,Simmons,M,5569.1
858,Alan,Martin,M,2079.3
859,Daniel,George,M,18678.7
860,Carolyn,Hunt,F,1962.4
861,Gerald,Hunt,M,19137.7
862,Raymond,Reynolds,M,11547.2
863,Willie,Ramos,M,16619.1
864,Jacqueline,Gonzalez,F,15802.7
865,Thomas,Rice,M,14600.8
866,Anthony,Williamson,M,3756.5
867,Chris,Coleman,M,18949.9
868,Karen,Morales,F,19571.9
869,Emily,Ramirez,F,13598.6
870,Mildred,Mills,F,9508.3
871,Michael,Wheeler,M,8617.9
872,Ruth,Simmons,F,11247.1
873,Kelly,Hanson,F,16173.4
874,Janet,Frazier,F,14632.7
875,Albert,Hughes,M,3153.9
876,Mary,Welch,F,19764.5
877,James,Rice,M,1489.7
878,Alan,Graham,M,7750.5
879,Jose,Webb,M,2183.9
880,Jonathan,Young,M,17429.8
881,Dorothy,Clark,F,6663.8
882,Alan,Morrison,M,5112.4
883,Jessica,Miller,F,13448.9
884,Sarah,Gilbert,F,4156.1
885,Irene,Rivera,F,13816.5
886,Jennifer,Parker,F,443.8
887,Virginia,Ramos,F,12060.9
888,Jeffrey,Hawkins,M,14066.3
889,Justin,Watkins,M,11544.8
890,Patrick,Simmons,M,17693.0
891,Alan,Tucker,M,2706.7
892,Patricia,Mcdonald,F,2766.0
893,Jeremy,Kim,M,17117.0
894,Andrew,Gibson,M,7512.6
895,Amy,Reid,F,7916.4
896,Phillip,Kim,M,14806.6
897,Wanda,Hughes,F,13621.5
898,Kelly,Sullivan,F,17201.9
899,Peter,Carroll,M,3501.6
900,Ernest,King,M,9050.5
901,Keith,Moore,M,4242.4
902,Janice,Bradley,F,5562.2
903,Harold,Barnes,M,9856.9
904,Antonio,Wright,M,12205.4
905,Margaret,Wagner,F,7491.8
906,Randy,Parker,M,18609.0
907,Cheryl,Day,F,12175.1
908,Alice,Montgomery,F,5705.2
909,Jeffrey,Perkins,M,7412.7
910,Carol,Fisher,F,4204.4
911,Julie,Schmidt,F,2904.1
912,John,Kelley,M,2741.5
913,Jose,Collins,M,13662.6
914,Jerry,Frazier,M,16971.9
915,Raymond,Moreno,M,17159.1
916,James,Reed,M,7676.0
917,Nicole,Rivera,F,6593.3
918,Anthony,Kelly,M,10619.0
919,Antonio,Rivera,M,17568.3
920,Randy,Willis,M,15369.5
921,Gregory,Brooks,M,12592.5
922,Jeffrey,Long,M,11555.9
923,Phillip,Martinez,M,15071.1
924,Thomas,Wilson,M,12973.3
925,Carlos,Rose,M,1273.5
926,John,Kim,M,5913.5
927,Daniel,Gray,M,8673.5
928,Michael,Butler,M,17109.2
929,Kathleen,Woods,F,4507.4
930,Maria,Griffin,F,18822.7
931,Marilyn,Jordan,F,9096.9
932,Jerry,Gutierrez,M,6541.7
933,Carl,Washington,M,11680.8
934,Kevin,Bennett,M,6021.6
935,Maria,Myers,F,14353.0
936,Beverly,Gonzalez,F,18450.8
937,Howard,Burke,M,7523.0
938,Alan,Ortiz,M,1581.3
939,Matthew,Daniels,M,1799.7
940,Joshua,Lawson,M,6523.6
941,Terry,Shaw,M,12575.2
942,Jack,Gardner,M,11768.4
943,Thomas,Richards,M,843.5
944,Joe,Wilson,M,14953.1
945,Jessica,Jones,F,8858.4
946,Juan,Kennedy,M,10951.1
947,Cheryl,Hansen,F,10675.5
948,Teresa,Cook,F,15767.1
949,Carl,Snyder,M,4518.1
950,Sandra,Lawson,F,1489.4
951,Roy,Sims,M,18917.8
952,Angela,Knight,F,6951.1
953,Jacqueline,Hawkins,F,19330.8
954,Jennifer,Wright,F,434.6
955,Carol,Pierce,F,15229.4
956,Rose,Garrett,F,19259.2
957,Robin,Gordon,F,8959.9
958,Patricia,Perkins,F,12009.3
959,Debra,Kelley,F,14711.0
960,Samuel,Stewart,M,4202.5
961,Nicholas,Thomas,M,3439.3
962,Maria,Murray,F,19514.4
963,Margaret,Duncan,F,6942.5
964,Ronald,Williams,M,18300.3
965,Gerald,Ortiz,M,2811.0
966,Ann,Tucker,F,10721.4
967,Christopher,Nguyen,M,3292.1
968,Jimmy,Fuller,M,16255.5
969,Phillip,Montgomery,M,5319.0
970,Ruby,Murray,F,836.3
971,Doris,Cox,F,19567.5
972,Howard,Watkins,M,5977.9
973,Lois,Ryan,F,505.9
974,Judith,Freeman,F,15523.5
975,Charles,Ferguson,M,9914.1
976,Paula,Ryan,F,4455.0
977,Emily,Holmes,F,3312.9
978,Sean,Berry,M,1160.4
979,Lillian,Duncan,F,2520.4
980,Ronald,Campbell,M,8702.1
981,Craig,Reynolds,M,1099.4
982,Maria,Austin,F,14709.4
983,Diana,Miller,F,1071.4
984,Roger,Sanders,M,3836.2
985,Nancy,Garza,F,4581.5
986,Steve,Ross,M,10403.0
987,Willie,Jacobs,M,14682.4
988,Heather,Wilson,F,5176.0
989,Harry,Cook,M,16484.6
990,Paul,Medina,M,3450.6
991,Norma,Daniels,F,10847.3
992,Margaret,Hart,F,17337.6
993,Debra,Bell,F,18906.5
994,Aaron,Mitchell,M,19881.7
995,Bonnie,Lane,F,6720.7
996,Paula,Reed,F,17868.5
997,Paula,Fox,F,15182.9
998,Thomas,Andrews,M,3720.7
999,Jacqueline,Moreno,F,10824.6
1000,Deborah,Young,F,6090.7
