id,first_name,last_name,Phone Number,Time zone
1,Peter,Richardson,7-(789)867-9023,Europe/Moscow
2,Janice,Berry,86-(614)973-1727,Asia/Harbin
3,Andrea,Hudson,86-(918)527-6371,Asia/Shanghai
4,Arthur,Mcdonald,420-(553)779-7783,Europe/Prague
5,Kathy,Morales,351-(720)541-2124,Europe/Lisbon
6,Juan,Reyes,507-(957)942-8540,America/Panama
7,Joseph,Kim,62-(764)534-1192,Asia/Jakarta
8,Frances,Hudson,57-(752)864-4744,America/Bogota
9,Judy,Day,7-(863)797-2311,Europe/Moscow
10,Robert,Ford,92-(784)853-3450,Asia/Karachi
11,Gloria,Jones,234-(535)368-6921,Africa/Lagos
12,Kimberly,Hamilton,965-(304)662-4587,Asia/Kuwait
13,Diane,Martin,62-(925)748-3566,Asia/Jakarta
14,Dorothy,Cook,63-(395)905-0818,Asia/Manila
15,Jean,Burke,1-(239)909-4066,America/Montreal
16,Victor,Kim,56-(946)201-0528,America/Santiago
17,Donna,Collins,212-(566)954-4329,Africa/Casablanca
18,Michael,Day,63-(142)279-5867,Asia/Manila
19,Earl,Montgomery,963-(903)505-1179,Asia/Damascus
20,Billy,Clark,62-(213)345-2549,Asia/Makassar
21,Patrick,Black,507-(656)979-9509,America/Panama
22,Melissa,Robertson,86-(634)498-0996,Asia/Chongqing
23,Billy,Andrews,86-(859)746-5367,Asia/Chongqing
24,Irene,Austin,61-(226)759-6213,Australia/Hobart
25,Donald,Richardson,62-(259)282-5871,Asia/Jakarta
26,Jerry,Rice,86-(431)498-0654,Asia/Harbin
27,Jeffrey,Walker,62-(721)426-9225,Asia/Jakarta
28,Albert,Meyer,66-(280)413-6219,Asia/Bangkok
29,Ruby,Allen,62-(243)875-6700,Asia/Jakarta
30,Laura,Holmes,86-(695)380-9449,Asia/Chongqing
31,Jacqueline,Greene,60-(810)139-3409,Asia/Kuala_Lumpur
32,Kathleen,Jordan,1-(815)662-5397,America/Chicago
33,Judy,Perez,86-(678)426-2561,Asia/Shanghai
34,Brenda,Morgan,51-(544)114-7243,America/Lima
35,Amy,Chavez,62-(615)564-2160,Asia/Makassar
36,Ryan,Jordan,55-(309)200-6167,America/Sao_Paulo
37,Philip,Bishop,48-(785)440-8495,Europe/Warsaw
38,Brian,Banks,1-(225)520-4670,America/Chicago
39,Pamela,Garrett,62-(787)484-0697,Asia/Jakarta
40,Sarah,James,7-(114)687-3849,Europe/Moscow
41,Teresa,Perkins,33-(828)225-6343,Europe/Paris
42,Jonathan,Oliver,62-(707)852-9095,Asia/Jakarta
43,Albert,Reid,62-(248)357-7731,Asia/Manila
44,John,Dunn,62-(307)117-6565,Asia/Jakarta
45,Patrick,Vasquez,63-(280)931-7413,Asia/Manila
46,Victor,Johnson,86-(811)655-6681,Asia/Shanghai
47,Joseph,Miller,86-(798)217-1016,Asia/Chongqing
48,Diana,Gonzalez,62-(664)623-7541,Asia/Jakarta
49,Jack,Washington,93-(156)641-6824,Asia/Kabul
50,Kathleen,Wells,66-(404)202-0682,Asia/Bangkok
51,Roy,Baker,598-(267)631-3505,America/Montevideo
52,Jimmy,Jackson,686-(976)864-3056,Pacific/Honolulu
53,Evelyn,Shaw,689-(746)390-1835,Pacific/Tahiti
54,Sharon,Mendoza,62-(726)889-8646,Asia/Makassar
55,Sean,Parker,33-(310)810-4424,Europe/Paris
56,Jennifer,Franklin,33-(189)359-4996,Europe/Paris
57,Joseph,Simmons,351-(429)221-8933,Europe/Lisbon
58,Carlos,Bryant,55-(609)255-7979,America/Sao_Paulo
59,Billy,Price,86-(878)547-7739,Asia/Shanghai
60,Jose,Harvey,86-(428)278-8573,Asia/Chongqing
61,Jason,Dixon,86-(282)575-6164,Asia/Chongqing
62,Barbara,Sullivan,46-(923)810-8990,Europe/Stockholm
63,Clarence,Scott,1-(213)662-6297,America/Los_Angeles
64,Catherine,Adams,98-(307)590-7555,Asia/Tehran
65,Robert,Wagner,387-(729)929-6747,Europe/Sarajevo
66,Elizabeth,Williamson,33-(448)817-6894,Europe/Paris
67,Tammy,Carroll,86-(157)921-6682,Asia/Shanghai
68,Sarah,Roberts,86-(943)434-5187,Asia/Shanghai
69,Kimberly,Jackson,27-(187)686-5735,Africa/Johannesburg
70,Tammy,Bryant,81-(326)780-6025,Asia/Tokyo
71,Sean,Tucker,55-(169)267-3538,America/Campo_Grande
72,Willie,Robinson,81-(765)778-5179,Asia/Tokyo
73,Carolyn,Torres,55-(595)683-9938,America/Sao_Paulo
74,Pamela,Butler,48-(746)807-6668,Europe/Warsaw
75,Karen,Lawrence,970-(435)132-4945,Asia/Gaza
76,Carol,Brooks,63-(385)861-2978,Asia/Manila
77,Irene,Snyder,62-(983)337-7789,Asia/Jakarta
78,Ronald,Garza,380-(960)786-7508,Europe/Zaporozhye
79,Ashley,Howell,86-(384)362-8423,Asia/Shanghai
80,Judith,Rogers,46-(234)523-7368,Europe/Stockholm
81,Stephanie,Butler,249-(450)724-2055,Africa/Khartoum
82,Arthur,Franklin,86-(599)522-0287,Asia/Chongqing
83,Lillian,Garcia,255-(814)393-7993,Africa/Dar_es_Salaam
84,Eric,Matthews,7-(536)338-1023,Europe/Moscow
85,Robert,Shaw,86-(125)884-6471,Asia/Chongqing
86,Stephen,Owens,31-(598)121-7175,Europe/Amsterdam
87,Ronald,Edwards,351-(797)188-2172,Europe/Lisbon
88,Clarence,Matthews,359-(670)686-5421,Europe/Sofia
89,Theresa,Duncan,84-(622)290-6430,Asia/Ho_Chi_Minh
90,Norma,Hudson,351-(551)598-1822,Europe/Lisbon
91,Bruce,Brown,86-(146)567-1179,Asia/Chongqing
92,Cynthia,Jacobs,66-(259)956-0814,Asia/Bangkok
93,Joan,Chapman,27-(880)515-3889,Africa/Johannesburg
94,Rebecca,Bell,593-(620)618-9714,America/Guayaquil
95,Gregory,Watkins,48-(399)160-9147,Europe/Warsaw
96,Arthur,Henderson,81-(353)751-4060,Asia/Tokyo
97,Christina,Riley,93-(374)749-5085,Asia/Kabul
98,Nicholas,Green,86-(750)462-3375,Asia/Shanghai
99,Debra,Peters,86-(879)987-9025,Asia/Shanghai
100,Matthew,Murray,353-(195)215-1300,Europe/Dublin
